{"_step":225,"_wandb":{"runtime":73},"_runtime":73.9345121,"LR/lr":0.00025,"_timestamp":1.7727718123330026e+09,"Loss/train":2.29933500289917,"Acc/train":0.7107892107892108}