{"_step":0,"_wandb":{"runtime":44},"_runtime":44.5186039,"LR/lr":0.00025,"_timestamp":1.7727693639302664e+09}