{"LR/lr":0.00025,"_wandb":{"runtime":50},"_runtime":50.6412455,"_timestamp":1.7727691705846348e+09,"_step":0}